environment	PASS	environment.json	311ed7cb171e3b7600b8b7eaa69b4d90e1eec582d2d5f307eec9b2a37aac702d
optional-networks	UNAVAILABLE	optional-networks.json	0c6579cb0a987b730e94cdb8d56d324254c6b414b14cf1fedeb287b2b8c268c2
git-diff-check	PASS	gates/git-diff-check.log	e3b0c44298fc1c149afbf4c8996fb92427ae41e4649b934ca495991b7852b855
m5	PASS	gates/m5.log	d63da4bc1a88db46d32d5f4e9ca1141dcb272a2ec3c481ae5f93cc91841b3fb5
m5-receipt	PASS	external/m5-receipt.json	99621704878620175e659c44976c812355e3828b85a7ce1e365f8e9dd0cb9aaa
everudp-security	PASS	gates/everudp-security.log	263b7382bf35dd8d4bfb8d3cc2231a070eb20bf59c0a7651ae27147187d8d539
everudp-process	PASS	gates/everudp-process.log	186dbcc5fca28df835d845ee7a5bbdbcd41f230366e46bbd529b375ab480fa79
everudp-applications	PASS	gates/everudp-applications.log	150fcb0c89d11efa504507b8a59b9854d9286981d023ad4298c74e111725c5f1
eversh-everudp-process	PASS	gates/eversh-everudp-process.log	9c2a28ad37b46be6ffad741f0c68c872ba08fb9cf44acaea60b958809d6c6106
release-build	PASS	gates/release-build.log	c663462ee6e8bd687c13f4f43386d516f3f0bb8fc1cb3522d98b83bf3664d8fd
release-binary-everpty	PASS	external/everpty.sha256	787cab09bdef9cd3348908dce42df07c0e4e05d835ffd2f04d34b293dce8a61f
release-binary-everssh	PASS	external/everssh.sha256	b3d1a7f0806def8f6ef615f2d81ff73ae501fa0863b5c8df514323a897331ebd
release-binary-everudp	PASS	external/everudp.sha256	c6a7ba5dabc675475562235a7afb0028903df5321bd54c2be23bc54b32e70ed6
release-binary-eversh	PASS	external/eversh.sha256	32822e8e2810632dd7465d8760d148c106e7e176bb47f782e9bfe5080fcbd5c7
fuzz-fuzz_everudp_control	PASS	gates/fuzz-fuzz_everudp_control.log	3602225c299dbb54127293915df28363d2ce949fc5227028a46361b51b07e291
fuzz-fuzz_everudp_resume_boundary	PASS	gates/fuzz-fuzz_everudp_resume_boundary.log	f879e2e4f68061c8ea074cc50568beed512bbe63acc94f72a360db4f3b646f50
reliability	PASS	gates/reliability.log	6c73f2abf51d72e2cae75f9fba24589c221d413c9cc6abbb2c0c201b7ed51ba7
reliability-receipt	PASS	reliability/receipt.json	85a1159538899e4a866bf52d1552d99c432818e71d85f92a006444b0b7a4f80d
performance-build	FAIL	gates/performance-build.log	b15fdbe976f0478c1467c267df474c1856854a8d9753f0d2bbc5ded1e0936e5c
final-identity	PASS	gates/final-identity.log	49a46c66bbcb3e4a2a2805ce4b2d509cffbf93b231d6fdd7f3244124456b4555
