environment	PASS	environment.json	b1f79c1e26462a2e6cd24cd2b7f60aebad3417554a0951414361d7f0f4f294b1
optional-networks	UNAVAILABLE	optional-networks.json	0c6579cb0a987b730e94cdb8d56d324254c6b414b14cf1fedeb287b2b8c268c2
git-diff-check	PASS	gates/git-diff-check.log	e3b0c44298fc1c149afbf4c8996fb92427ae41e4649b934ca495991b7852b855
m5	PASS	gates/m5.log	fc9595dd4d7ddc025de15f0756f24b40d4626015abc88cc62860d9bfef4b5ec5
m5-receipt	PASS	external/m5-receipt.json	9cf535a8a37558411052984fc65768b6814a2f92528ee7008c4633fa1e608859
everudp-security	PASS	gates/everudp-security.log	8bdd71171059286a8ef1fee1f9b153eb4041fa5894c398e757c474bb0824fa4f
everudp-process	PASS	gates/everudp-process.log	a0aa7f6ee7a46f3ec9d74815051c0abc9a3478c15c2f9773693e6be616ba6e70
everudp-applications	PASS	gates/everudp-applications.log	0ad9b293e2c2702070191474c318ff8d78f2f1e61a36df1063229fa408c1d96e
eversh-everudp-process	PASS	gates/eversh-everudp-process.log	17edf588edc4c299f6b2cc2b096cad9fe2113f4e4fe7677fbb56692b12ec829c
release-build	PASS	gates/release-build.log	c9ef3b68d69664e1d157e575848e4f6146e26ad39b9aa75897123cb92d2ce4bd
release-binary-everpty	PASS	external/everpty.sha256	8ad535ce67186caf8a9513adc8a25e5e391232334854fa15263607ee7e3ba94e
release-binary-everssh	PASS	external/everssh.sha256	890bcaecdc32d4b44ee0c77e4d754148d6e0bcc9b7d20b5870b478a97a9a7e6a
release-binary-everudp	PASS	external/everudp.sha256	77a92b75a0eff47cc3690d3103bc0077dc660e42300862a83d421b93a7f71318
release-binary-eversh	PASS	external/eversh.sha256	5708a2ee9d038d13d00eba2ea40c5078f4fb9d62f1beae064f4a2053f0c568d5
fuzz-fuzz_everudp_control	PASS	gates/fuzz-fuzz_everudp_control.log	b5f30f6458422f0e7e0d205838ca5c880a1570c8bed5e238b5cffba0bc68023e
fuzz-fuzz_everudp_resume_boundary	PASS	gates/fuzz-fuzz_everudp_resume_boundary.log	1db58ce0884c81a22c76b0e6cbe2443118b78ebb7751cdb58663cebf04ae698e
reliability	PASS	gates/reliability.log	b41ed283e81b98ec6dbe73c25a1a2725a98a7bc3b766f2da9c7cee9c79809f07
reliability-receipt	PASS	reliability/receipt.json	4bf8e5c9acf832a08c7c5af6a40568a9d0299158bba19c4b4781dce9eeca15f3
performance-build	FAIL	gates/performance-build.log	e3b0c44298fc1c149afbf4c8996fb92427ae41e4649b934ca495991b7852b855
final-identity	PASS	gates/final-identity.log	c18da836747e98b130b0ce154e05f36a46031ef3d7632cf822a7264dbb29e43b
artifact-safety	PASS	gates/artifact-safety.log	7b4d47947e2e349454817f7f5db6c8058cb66568c294dd27a568582b50379711
